<?xml version="1.0" encoding="UTF-8"?>
<project-private xmlns="http://www.netbeans.org/ns/project-private/1">
    <editor-bookmarks xmlns="http://www.netbeans.org/ns/editor-bookmarks/2" lastBookmarkId="0"/>
    <open-files xmlns="http://www.netbeans.org/ns/projectui-open-files/2">
        <group>
            <file>file:/C:/Users/Acer/Documents/NetBeansProjects/PBO%20Modul%206/src/BangunDatar.java</file>
            <file>file:/C:/Users/Acer/Documents/NetBeansProjects/PBO%20Modul%206/src/Persegi.java</file>
            <file>file:/C:/Users/Acer/Documents/NetBeansProjects/PBO%20Modul%206/src/PersegiPanjang.java</file>
            <file>file:/C:/Users/Acer/Documents/NetBeansProjects/PBO%20Modul%206/src/SegitigaSamaKaki.java</file>
            <file>file:/C:/Users/Acer/Documents/NetBeansProjects/PBO%20Modul%206/src/SegiTiga.java</file>
            <file>file:/C:/Users/Acer/Documents/NetBeansProjects/PBO%20Modul%206/src/SegiTigaSamaSisi.java</file>
        </group>
    </open-files>
</project-private>
